targetLab,resultLab,targetWeights,resultWeights,optimizer,numberOfEvaluations,mixingError,penalties,normalizer,initialGuessType
73.2561986573852;19.471550090970624;70.77115348653635,73.2561986573852;19.471550090970624;70.77115348653635,0.35;0.2;0.45;0.0;0.0;0.0;0.0;0.0;0.0;0.0;0.0,0.9107950745877325;0.29819916736141283;0.31955159262041377;0.012574928717202602;0.013645502770423618;0.004097820064499215;0.4513920712098563;0.44182958421785146;3.628188159038666E-4;0.012810593637086316;0.006618852882585005,CMAESOptimizerImpl,5391,DeltaE2000,SparsityPenalty,ProportionsNormalizer,Uniform
