targetLab,resultLab,targetWeights,resultWeights,optimizer,numberOfEvaluations,mixingError,penalties,normalizer,initialGuessType
73.2561986573852;19.471550090970624;70.77115348653635,44.582766245236044;-8.185222962337036;33.84852597826858,0.35;0.2;0.45;0.0;0.0;0.0;0.0;0.0;0.0;0.0;0.0,0.6666666666666666;0.3333333333333333;0.3333333333333333;0.3333333333333333;0.3333333333333333;0.3333333333333333;0.3333333333333333;0.3333333333333333;0.3333333333333333;0.3333333333333333;0.3333333333333333,BOBYQAOptimizerImpl,72,DeltaE2000,SparsityPenalty,ProportionsNormalizer,Uniform
