targetLab,resultLab,targetWeights,resultWeights,optimizer,numberOfEvaluations,mixingError,penalties,normalizer,initialGuessType
66.47256651165914;30.119135616870963;66.36136664383976,66.70510105966545;29.663109097148254;65.64548016112455,0.46;0.3;0.24;0.0;0.0;0.0;0.0;0.0;0.0;0.0;0.0,0.9479599163172368;0.024795644571380154;0.7264443952680264;0.029232108316671186;0.8652731721482716;0.0045934195042905;0.9997013300806;0.43008101038682844;0.00515853068728669;0.019620657614565933;0.03837684808641315,NSGAIIOptimizerImpl,10000,DeltaE2000,SparsityPenalty,ProportionsNormalizer,Uniform
