targetLab,resultLab,targetWeights,resultWeights,optimizer,numberOfEvaluations,mixingError,penalties,normalizer,initialGuessType
73.2561986573852;19.471550090970624;70.77115348653635,68.28625974611994;13.732889510181979;63.53041518988483,0.35;0.2;0.45;0.0;0.0;0.0;0.0;0.0;0.0;0.0;0.0,0.9703689707703355;0.5637658250365679;0.7233677145825705;0.008042153995333173;0.03046633998832529;0.027764114712957783;0.8068546097646473;0.7710771603398023;0.03987591802268665;0.33495117045242867;0.023932995653699336,SMSEMOAOptimizerImpl,10000,DeltaE2000,SparsityPenalty,ProportionsNormalizer,Uniform
