targetLab,resultLab,targetWeights,resultWeights,optimizer,numberOfEvaluations,mixingError,penalties,normalizer,initialGuessType
63.09630761538294;38.46102965914583;62.3482606115611,63.101318533337846;38.48530447605425;62.0040368937644,0.41;0.41;0.18;0.0;0.0;0.0;0.0;0.0;0.0;0.0;0.0,0.8072949607252704;0.5275205745519769;0.3936623497643936;0.0;0.7300850116412826;0.0;0.9484891721133428;0.38784028706488044;0.01646230486668033;0.003211853079983784;0.03418752352640098,CMAESOptimizerImpl,5611,DeltaE2000,SparsityPenalty,ProportionsNormalizer,Uniform
