targetLab,resultLab,targetWeights,resultWeights,optimizer,numberOfEvaluations,mixingError,penalties,normalizer,initialGuessType
63.74008704662468;39.21305966622152;62.000383795414535,62.94134840764869;42.07840207173435;68.02256952089525,0.34;0.43;0.22;0.0;0.0;0.0;0.0;0.0;0.0;0.0;0.0,0.8748144503403759;0.5877260850746158;-0.5271249090909091;-0.5271249090909091;-0.5271249090909091;-0.5271249090909091;1.3269770684088806;-0.5271249090909091;-0.5271249090909091;-0.5271249090909091;-0.5271249090909091,PowellOptimizerImpl,309,DeltaE2000,SparsityPenalty,ProportionsNormalizer,Uniform
