targetLab,resultLab,targetWeights,resultWeights,optimizer,numberOfEvaluations,mixingError,penalties,normalizer,initialGuessType
63.09630761538294;38.46102965914583;62.3482606115611,49.84362658322698;22.554292744067283;46.7801649614883,0.41;0.41;0.18;0.0;0.0;0.0;0.0;0.0;0.0;0.0;0.0,0.47590399473803674;0.7684029349515106;0.7780683839790162;0.4734263319873322;0.44914715170338676;0.48014034238688086;0.9728290269176146;0.025965336243116442;0.002377724398156994;0.35439799286126483;0.012458166845545255,SMSEMOAOptimizerImpl,10000,DeltaE2000,SparsityPenalty,ProportionsNormalizer,Uniform
