targetLab,resultLab,targetWeights,resultWeights,optimizer,numberOfEvaluations,mixingError,penalties,normalizer,initialGuessType
63.74008704662468;39.21305966622152;62.000383795414535,63.52724560752431;39.66698869031193;62.53199815533732,0.34;0.43;0.22;0.0;0.0;0.0;0.0;0.0;0.0;0.0;0.0,0.5754507074444265;0.4205425164059591;0.9861113923728084;0.021928408879823807;0.6737509562118827;0.009721736778714468;0.9400305187605246;0.03378270207960605;0.035702436606521636;0.02960771337658111;0.009045630458332862,NSGAIIOptimizerImpl,10000,DeltaE2000,SparsityPenalty,ProportionsNormalizer,Uniform
