targetLab,resultLab,targetWeights,resultWeights,optimizer,numberOfEvaluations,mixingError,penalties,normalizer,initialGuessType
73.2561986573852;19.471550090970624;70.77115348653635,73.83277588775951;20.18844256793445;71.6620330610531,0.35;0.2;0.45;0.0;0.0;0.0;0.0;0.0;0.0;0.0;0.0,0.9843279406559379;0.5094672379430516;0.8858068525565721;0.017169655709380945;0.014713933506406107;0.008709614191946881;0.5415971276915637;0.4424412127461098;0.016607093430017376;0.023900965648652885;0.033764169259418726,NSGAIIOptimizerImpl,10000,DeltaE2000,SparsityPenalty,ProportionsNormalizer,Uniform
