targetLab,resultLab,targetWeights,resultWeights,optimizer,numberOfEvaluations,mixingError,penalties,normalizer,initialGuessType
63.74008704662468;39.21305966622152;62.000383795414535,43.97414149379524;-7.137047450279821;33.66738118735386,0.34;0.43;0.22;0.0;0.0;0.0;0.0;0.0;0.0;0.0;0.0,0.3333333333333333;0.3333333333333333;0.3333333333333333;0.3333333333333333;0.3333333333333333;0.3333333333333333;0.6666666666666666;0.3333333333333333;0.3333333333333333;0.3333333333333333;0.3333333333333333,BOBYQAOptimizerImpl,73,DeltaE2000,SparsityPenalty,ProportionsNormalizer,Uniform
